Price,Close,High,Low,Open,Volume
Ticker,GOOGL,GOOGL,GOOGL,GOOGL,GOOGL
Date,Close,High,Low,Open,Volume
02-01-2020,68.10837555,68.10837555,67.00415769,67.09970157,27278000
03-01-2020,67.7520752,68.36066912,67.04545445,67.07929686,23408000
06-01-2020,69.55794525,69.58332136,67.2285821,67.25992638,46768000
07-01-2020,69.42359161,69.84109781,69.24693832,69.68982062,34330000
08-01-2020,69.91772461,70.25660431,69.30017842,69.40915448,35314000
09-01-2020,70.65172577,71.09410696,70.17500102,70.75821131,33200000
10-01-2020,71.10803223,71.4056131,70.64226436,71.13341593,26258000
13-01-2020,71.65890503,71.73105459,70.92939109,71.42103623,30730000
14-01-2020,71.18915558,71.78828857,71.04882004,71.65741402,26076000
15-01-2020,71.61760712,71.6962336,71.24240201,71.31007925,21550000
16-01-2020,72.16300201,72.18987397,71.65741592,71.92861842,26080000
17-01-2020,73.62400818,73.67526155,72.48097439,72.77904883,52424000
21-01-2020,73.75985718,74.13954215,73.16071666,73.59812432,48930000
22-01-2020,73.84046173,74.67198878,73.78025611,74.13207441,28458000
23-01-2020,73.88127136,74.31968131,73.6638128,74.02359628,26650000
24-01-2020,72.95968628,74.35451458,72.81089204,74.28584265,29786000
27-01-2020,71.2458725,71.48721892,70.63727861,71.2364191,34132000
28-01-2020,72.17991638,72.39388973,71.17770408,71.74399693,29724000
29-01-2020,72.48844147,72.85867309,71.92563382,72.5760202,21566000
30-01-2020,72.36651611,72.41627364,71.40859443,71.56285568,27110000
31-01-2020,71.29812622,73.13384739,71.01348397,73.04377813,43822000
03-02-2020,73.77728271,73.96140764,72.48396629,72.73476617,71636000
04-02-2020,71.92662811,73.01790743,70.76319164,72.37847029,95880000
05-02-2020,71.95846558,72.88055549,71.14386347,72.83228621,36376000
06-02-2020,73.44735718,73.72553014,72.17892342,72.25356352,37822000
07-02-2020,73.60360718,73.90914564,72.92186893,73.02039691,28360000
10-02-2020,75.07408142,75.08503066,73.40904517,73.51006368,38302000
11-02-2020,75.14374542,76.13003504,74.9143429,75.30348132,34852000
12-02-2020,75.57020569,75.65330449,75.07457418,75.43236069,31042000
13-02-2020,75.30944824,75.93445842,74.84217695,75.14075252,22914000
14-02-2020,75.57517242,75.64086026,74.91930395,75.36617258,23198000
18-02-2020,75.61051178,76.16386599,75.1910162,75.35672785,25642000
19-02-2020,75.88071442,76.17282067,75.68714372,75.99666093,22746000
20-02-2020,75.48859406,75.99019373,74.85511756,75.58911141,25962000
21-02-2020,73.82006073,75.18802455,73.57274614,74.87103574,42520000
24-02-2020,70.65519714,71.47727088,70.00481082,70.81393833,49560000
25-02-2020,68.98617554,71.50065059,68.69258106,71.20954665,51580000
26-02-2020,69.19268799,70.34717206,68.50000058,69.41711701,49776000
27-02-2020,65.43466187,68.14421148,65.3993312,67.63365192,62290000
28-02-2020,66.64388275,66.8031175,63.10878182,63.41233088,80198000
02-03-2020,68.98617554,69.04339708,65.94471715,67.24798779,55430000
03-03-2020,66.56774902,70.07448228,66.14576289,69.55148523,56602000
04-03-2020,68.75131226,68.81002964,66.53191948,67.62469466,47598000
05-03-2020,65.42520905,67.35946593,64.77233214,66.95738129,54380000
06-03-2020,64.47872925,64.82755589,62.56139382,63.19536384,64640000
09-03-2020,60.50025177,62.33846347,59.61697393,59.96132825,69252000
10-03-2020,63.4551239,63.48896252,60.43655456,62.42107,54872000
11-03-2020,60.25691223,62.54746342,59.27361438,62.11652507,54732000
12-03-2020,55.31304932,59.15468319,55.15978275,55.86391676,94326000
13-03-2020,60.42461395,60.43108327,55.34987319,58.46995836,79400000
16-03-2020,53.39472198,57.00097753,53.100129,54.22126802,96520000
17-03-2020,55.63700104,56.03211139,52.20540933,54.27252617,83194000
18-03-2020,54.29989624,54.98661171,51.60328544,52.74483094,93044000
19-03-2020,55.31902313,57.356284,52.52637485,54.1521015,74064000
20-03-2020,53.15635681,56.65313876,52.85231044,56.27594055,82878000
23-03-2020,52.45571136,53.0916708,50.20347875,52.56717796,83672000
24-03-2020,56.23165894,56.39686944,54.06302621,54.93635331,72468000
25-03-2020,54.81891632,57.0358146,53.89284377,55.96145275,90324000
26-03-2020,57.86932755,58.29529242,54.34169466,55.47079504,76562000
27-03-2020,55.24885941,57.27865627,54.93734899,56.10526532,62794000
30-03-2020,57.04278183,57.27616692,54.66315975,56.36253564,58736000
31-03-2020,57.82106018,58.39083444,56.56556135,57.16320605,65228000
01-04-2020,54.84279633,56.20229768,54.41434472,55.93258726,51970000
02-04-2020,55.58574677,55.87137991,54.39643316,54.73829695,56410000
03-04-2020,54.37503433,55.67332784,53.49822958,55.47029994,51374000
06-04-2020,58.8780098,59.25420957,55.98235354,56.38045179,63320000
07-04-2020,58.84665298,60.74856308,58.58241718,60.56095676,61620000
08-04-2020,60.06283951,60.45596046,58.91582321,59.86876767,40334000
09-04-2020,60.04144669,60.80877806,59.33731262,60.61918613,54028000
13-04-2020,60.23252869,60.43705242,58.83520993,59.78914906,38702000
14-04-2020,62.96049118,63.48398555,61.13471692,61.70350029,63358000
15-04-2020,62.56587219,63.45213406,61.40641468,62.0289381,42236000
16-04-2020,62.5723381,63.36504929,61.61541492,63.05552829,57896000
17-04-2020,63.64571381,64.19309604,62.99880512,63.78006978,51050000
20-04-2020,62.75746155,63.5372342,62.52308176,63.19238251,35292000
21-04-2020,60.31961823,62.20261406,59.96331995,61.83985026,49648000
22-04-2020,62.62111664,63.68950655,61.56566156,61.76023077,46296000
23-04-2020,63.256073,64.10103609,62.72660668,62.98586522,34202000
24-04-2020,63.52628326,63.58151921,61.90403813,62.45142034,37402000
27-04-2020,63.24064636,64.39711984,62.95202534,64.29261611,44186000
28-04-2020,61.33625793,63.93234389,61.22628338,63.8547197,80700000
29-04-2020,66.78968048,67.68390375,66.02085713,66.93000842,108358000
30-04-2020,67.01460266,67.17881846,65.76059592,66.25125394,55842000
01-05-2020,65.55259705,67.24998737,65.17142379,65.88948738,48872000
04-05-2020,65.83026886,65.90840178,64.4921685,65.09528786,30806000
05-05-2020,67.13005829,68.22432932,66.43389314,66.55680253,39666000
06-05-2020,66.95140839,68.1088766,66.93648037,67.57691974,31732000
07-05-2020,68.13822937,68.47263674,67.30521401,67.74162698,30652000
08-05-2020,68.88764954,69.49972107,68.27408216,68.76224963,33326000
11-05-2020,69.8455658,70.43972525,68.44775348,68.51194548,32718000
12-05-2020,68.43183136,70.38001378,68.39849009,70.07597118,33918000
13-05-2020,67.09571838,68.93692188,66.08455382,68.48059979,40368000
14-05-2020,67.52019501,67.54557112,65.85017779,66.35874795,36660000
15-05-2020,68.32633972,68.40197452,66.63143991,67.09224193,41544000
18-05-2020,68.92945862,69.3066531,67.38782539,67.75507292,47094000
19-05-2020,68.39302063,69.29321214,68.3611752,68.94438546,31586000
20-05-2020,70.1227417,70.26556016,69.04091595,69.12749997,38262000
21-05-2020,70.00281525,70.48600163,69.38775204,70.21380448,30894000
22-05-2020,70.32577515,70.51287653,69.46538671,69.86099439,28544000
26-05-2020,70.73033905,71.91169514,70.63231223,71.75494335,44590000
27-05-2020,70.67609406,70.92838971,69.39820711,70.66216073,31684000
28-05-2020,70.57458496,71.87934391,69.62114319,69.66692194,35170000
29-05-2020,71.33496094,71.49469684,70.46213488,70.68357226,37044000
01-06-2020,71.4021225,71.7360287,70.77561651,70.94580807,25162000
02-06-2020,71.77236176,71.80669772,70.74228284,71.40859948,23442000
03-06-2020,71.62008667,72.10576362,71.2404017,71.79176648,27732000
04-06-2020,70.37852478,71.72310207,69.96599964,71.49717718,26982000
05-06-2020,71.65840149,71.97091038,70.0461071,70.44520002,42642000
08-06-2020,72.05749512,72.10526326,70.88509891,70.97467462,33878000
09-06-2020,72.25853729,73.0408005,71.77484968,71.91816931,33624000
10-06-2020,72.88654327,73.2881192,72.3720049,72.72780206,31762000
11-06-2020,69.76148224,72.23465897,69.58781301,71.70867022,47144000
12-06-2020,70.3098526,71.38421437,68.96030199,70.95376958,36676000
15-06-2020,70.6989975,70.91098146,69.02997498,69.14393211,30468000
16-06-2020,71.97937775,72.5118282,71.1095358,72.10527123,30648000
17-06-2020,72.28142548,72.76212897,71.41506882,72.30133456,30610000
18-06-2020,71.36481476,72.30282749,70.97268466,72.14757152,34862000
19-06-2020,70.89307404,71.88134549,70.61241053,71.65741758,52784000
22-06-2020,72.18786621,72.20230068,70.62185935,70.91147506,29442000
23-06-2020,72.85070038,73.40903563,71.90621842,72.25455153,37752000
24-06-2020,71.29415131,73.43839511,71.15979153,72.81587541,31592000
25-06-2020,71.71214294,71.77284971,70.63926945,71.22049025,23958000
26-06-2020,67.80284119,71.50912091,67.4276361,71.29066763,97640000
29-06-2020,69.52610016,69.56740658,67.26092874,67.69336297,45074000
30-06-2020,70.56513214,70.8612172,69.01653605,69.51167404,40286000
01-07-2020,71.75693512,72.07939858,70.37255487,70.62087178,42182000
02-07-2020,73.14678955,74.07187121,72.20827571,72.24659805,57218000
06-07-2020,74.62571716,75.14075662,73.49761142,74.05345616,44712000
07-07-2020,74.1415329,75.70406217,74.13058366,74.45055656,42364000
08-07-2020,74.82227325,75.19897413,74.25995925,74.68294002,31766000
09-07-2020,75.57170105,76.09320987,74.42369372,75.13727742,41836000
10-07-2020,76.58435059,76.7002971,74.67896287,75.30247721,35918000
13-07-2020,75.25173187,78.44297203,74.96958014,77.12825842,42954000
14-07-2020,75.6811676,75.77770617,73.94297977,74.28435,38108000
15-07-2020,75.48311615,76.45098479,74.535149,75.79910267,31026000
16-07-2020,75.3855896,75.43485358,74.05942561,74.71777711,26484000
17-07-2020,75.48162079,75.80905769,74.54858165,75.48460487,34264000
20-07-2020,77.81995392,78.07722309,74.7775003,75.38957193,30166000
21-07-2020,77.42582703,78.97492413,77.26161122,78.87440678,27486000
22-07-2020,77.87020111,77.97619308,76.79434353,77.41537491,24482000
23-07-2020,75.47665405,78.14390247,75.07059065,77.92395336,33910000
24-07-2020,75.05168915,75.41097154,74.02559651,74.60283863,29902000
27-07-2020,76.1076355,76.51220308,75.25670795,75.30298785,27124000
28-07-2020,74.82476807,75.93744461,74.66901097,75.88718594,30910000
29-07-2020,75.81303406,76.30169507,74.79290978,74.89193889,22676000
30-07-2020,76.55250549,76.67790541,74.40277966,74.5421129,36042000
31-07-2020,74.04350281,74.89294207,72.35407768,74.49633966,91468000
03-08-2020,73.78523254,74.53016801,73.23585716,74.19527469,45482000
04-08-2020,73.31449127,74.30027971,72.85319571,73.98180263,37212000
05-08-2020,73.60260773,74.14551383,73.2109788,73.48965289,29134000
06-08-2020,74.88945007,74.95513791,73.24481675,73.45630714,33306000
07-08-2020,74.56203461,75.64286587,73.9599099,75.09299684,27718000
10-08-2020,74.48488617,74.99892327,73.52297816,74.18531593,20546000
11-08-2020,73.67475891,75.16264801,73.55781771,74.34455312,31098000
12-08-2020,75.00341034,75.22386058,73.89670197,74.00220039,22512000
13-08-2020,75.47167206,76.48284419,75.05168293,75.05168293,22388000
14-08-2020,74.87354279,75.6279394,74.59338042,75.32040393,21942000
17-08-2020,75.45127106,75.82648373,74.89194866,75.43783888,19990000
18-08-2020,77.41886139,77.49798141,75.72147884,75.94291618,28378000
19-08-2020,76.86301422,78.06974631,76.63361174,77.25513666,30472000
20-08-2020,78.4375,78.63256656,76.35794168,76.63212827,26382000
21-08-2020,78.40366364,79.21528173,77.74381628,78.2160535,34838000
24-08-2020,78.88037109,80.05625248,78.37727561,79.24462689,25638000
25-08-2020,79.9104538,80.06122983,78.51860203,78.62907393,25150000
26-08-2020,81.81533813,82.24628407,79.66811044,79.93284359,52188000
27-08-2020,81.03855133,82.00741461,80.55535737,81.93874269,31350000
28-08-2020,81.58146667,81.67701056,80.89376024,81.08584272,22418000
31-08-2020,81.08882141,81.83375694,80.87982154,81.78747704,26422000
01-09-2020,82.36023712,82.5662529,81.08881938,81.21969391,22652000
02-09-2020,85.46090698,85.89433584,82.61451509,83.00365345,49522000
03-09-2020,81.08782959,84.5955575,80.00301202,84.57166963,63726000
04-09-2020,78.68431091,81.36051134,76.53259571,80.06719518,55850000
08-09-2020,75.81752014,77.40741496,75.46420596,75.88718676,54032000
09-09-2020,76.99340057,77.56516042,75.89564446,77.07649937,39242000
10-09-2020,75.93943024,78.30860397,75.63837174,77.14019419,33024000
11-09-2020,75.42738342,76.56892127,74.29579253,76.04393489,30706000
14-09-2020,75.08252716,77.47956755,74.89741517,76.21809683,42660000
15-09-2020,76.39077759,77.18050476,75.74288179,76.03100168,23042000
16-09-2020,75.24475861,77.3486982,75.21987604,76.75702925,22128000
17-09-2020,73.99821472,74.57645148,72.77506627,73.93700681,40008000
18-09-2020,72.20927429,74.40428562,71.24041081,74.06092595,63056000
21-09-2020,71.16675568,71.66039018,69.80028766,71.24040108,56908000
22-09-2020,72.64369202,72.85020894,71.13490659,72.17095368,33950000
23-09-2020,70.13419342,72.30830089,69.80029476,72.2590369,37726000
24-09-2020,70.80448151,71.55738213,69.7739091,69.8002875,34552000
25-09-2020,71.61064148,71.95299885,70.04910674,70.91347406,30326000
28-09-2020,72.58596802,73.29905809,71.96991766,73.24930056,30784000
29-09-2020,72.95222473,73.24979803,72.35407886,72.84722745,31816000
30-09-2020,72.93132019,73.95641806,72.44166443,72.69942714,40924000
01-10-2020,74.04101563,74.39781506,73.48865608,73.83002635,32884000
02-10-2020,72.43369293,73.59961979,72.02315723,72.63423408,31222000
05-10-2020,73.78872681,73.88178016,72.65713578,72.7845251,21602000
06-10-2020,72.20578766,73.87281306,71.90671854,73.42396261,26096000
07-10-2020,72.60985565,73.09901784,71.32051822,72.61831436,36108000
08-10-2020,73.818573,74.04747434,72.92384862,72.92384862,26076000
09-10-2020,75.16314697,75.23281359,73.99622537,74.28783048,32966000
12-10-2020,77.85726166,79.04308998,76.10115419,76.5340895,55344000
13-10-2020,77.98068237,78.88088148,77.56069323,78.47531921,39072000
14-10-2020,77.8000412,78.81568567,76.92721521,78.3553924,33174000
15-10-2020,77.40343475,78.19614598,76.68985114,76.85754458,31210000
16-10-2020,78.01203156,78.51014601,77.51242126,77.71992529,34194000
19-10-2020,76.13350677,78.81966948,75.78368542,78.42157125,29734000
20-10-2020,77.1849823,78.31756794,75.66325828,75.79313812,41670000
21-10-2020,78.92218018,80.37274942,77.98416747,78.1190208,60322000
22-10-2020,79.95075989,80.28714907,78.49870246,78.87291283,30512000
23-10-2020,81.26049805,81.31722604,80.21200591,80.36826416,30548000
26-10-2020,78.83757782,81.09129863,78.01600527,80.3657711,35826000
27-10-2020,79.56360626,79.71886221,78.47431648,79.06847592,25902000
28-10-2020,75.18056488,77.32082977,75.06511951,77.131739,45174000
29-10-2020,77.47360992,79.05902494,75.46670232,75.49008905,55406000
30-10-2020,80.42100525,83.6659967,79.69746709,82.97529866,99878000
02-11-2020,80.82956696,82.51749631,80.32795965,80.79075106,44228000
03-11-2020,81.89147949,82.5553056,80.22196347,81.1500292,31432000
04-11-2020,86.87714386,88.08039077,84.74483659,84.87322059,71342000
05-11-2020,87.70567322,89.16470093,86.63727969,88.10128088,39758000
06-11-2020,87.56784058,88.00425353,86.42082053,87.15033442,28622000
09-11-2020,87.65193939,90.41224106,87.45936338,89.37172165,53440000
10-11-2020,86.47257996,87.550427,85.397717,86.07697225,43022000
11-11-2020,86.9458313,87.72559642,86.73831965,87.00404755,31838000
12-11-2020,86.72637177,87.82910147,86.4850253,86.68556648,26474000
13-11-2020,88.19136047,88.43370161,86.38599647,86.98413472,29744000
16-11-2020,88.2794342,89.2901051,87.64745358,87.78728796,25468000
17-11-2020,87.66388702,88.43420627,87.55590565,87.97240956,21314000
18-11-2020,86.61788177,87.83008859,86.51487388,87.41407825,20108000
19-11-2020,87.51011658,87.75494825,86.08941102,86.24914691,20106000
20-11-2020,86.40589905,87.99728973,86.33722712,87.68080205,27694000
23-11-2020,85.96699524,86.88411172,85.10213442,86.59698652,22530000
24-11-2020,87.77535248,87.90373649,85.62712233,85.96401266,27984000
25-11-2020,87.78678894,88.09780199,87.00204288,87.96991913,19600000
27-11-2020,88.92585754,89.42298495,87.80720509,87.80720509,14790000
30-11-2020,87.30260468,88.59343027,86.97616248,88.360049,32418000
01-12-2020,89.34085846,90.65258787,87.73204933,87.91268899,37350000
02-12-2020,90.8143158,91.20097123,88.8337868,89.34086108,29424000
03-12-2020,90.65856934,91.75283266,90.41771645,90.59387619,24728000
04-12-2020,90.75411224,91.0397416,90.24802505,90.5779525,20544000
07-12-2020,90.41921234,91.02929454,89.72303967,90.34555935,22288000
08-12-2020,90.13555908,90.36645741,89.1378344,89.99573229,19936000
09-12-2020,88.47002411,90.98351223,87.68079812,90.08729198,31728000
10-12-2020,87.96196747,88.32721803,86.2640835,87.71066646,28688000
11-12-2020,88.31775665,88.44266302,87.22000809,87.58127983,18628000
14-12-2020,87.19612122,89.06418903,87.04036411,88.11473355,33050000
15-12-2020,87.63502502,87.78032644,86.66914568,87.57431066,21352000
16-12-2020,87.44143677,88.0346015,87.03687684,88.0346015,24676000
17-12-2020,86.61141205,87.91518396,86.14564417,87.77684541,34880000
18-12-2020,85.90031433,87.00204928,85.34198664,86.89307322,85256000
21-12-2020,86.31533051,86.43675165,84.29698019,85.04988088,33974000
22-12-2020,85.60174561,86.21829712,84.88318089,86.05507601,20370000
23-12-2020,86.00033569,86.79055641,85.65050674,85.78636235,22974000
24-12-2020,86.29543304,86.7059688,85.80726551,86.03865742,9312000
28-12-2020,88.2759552,88.92485328,86.67660697,86.83036709,27650000
29-12-2020,87.46981049,88.99800382,87.33794125,88.93630235,19726000
30-12-2020,86.39942932,87.96743327,85.98889359,87.83008942,21026000
31-12-2020,87.21503448,87.45687448,86.3914649,86.45018987,21070000
04-01-2021,85.89584351,87.70518638,84.95086034,87.58128229,37324000
05-01-2021,86.58853149,86.92591538,85.43653784,85.8440895,20360000
06-01-2021,85.73410797,86.78359484,84.40148228,84.60849276,46588000
07-01-2021,88.2948761,88.46804418,85.92719028,85.92719028,41936000
08-01-2021,89.46378326,89.5399192,87.64198775,88.43520017,35484000
11-01-2021,87.39665985,88.79447981,87.19015052,88.428227,34796000
12-01-2021,86.45813751,87.97438679,85.41064775,86.85275048,29528000
13-01-2021,86.94681549,87.40164173,85.95505132,85.95505132,23432000
14-01-2021,86.13419342,87.95698355,85.89284698,87.02742201,29212000
15-01-2021,85.96997833,86.96522013,85.17826938,86.03964495,31444000
19-01-2021,88.79896545,89.76285544,86.22925024,86.73532987,41660000
20-01-2021,93.55620575,94.5340289,90.54261398,90.8839766,64152000
21-01-2021,93.7592392,96.14433582,93.52336737,94.23198513,58634000
22-01-2021,94.177742,94.76642688,93.37856142,94.1230034,32744000
25-01-2021,94.26332855,95.63378301,92.51568724,95.18194086,50586000
26-01-2021,94.94358063,95.33172433,93.36015508,93.85080553,31462000
27-01-2021,90.51425171,93.57611295,89.43640469,93.29943586,82512000
28-01-2021,92.21910858,93.95032604,91.11438958,91.11438958,55278000
29-01-2021,90.9332428,91.93744438,89.64938765,91.26465848,44530000
01-02-2021,94.203125,95.32127621,91.79065524,91.79065524,40252000
02-02-2021,95.4994278,97.00472805,94.86495656,95.20135335,66332000
03-02-2021,102.4541702,104.8298134,100.1984524,102.7890712,97882000
04-02-2021,102.1929321,102.9726972,101.2708345,102.5407641,48596000
05-02-2021,103.9445496,104.2983573,102.0122897,102.4880121,29866000
08-02-2021,103.730072,105.2468226,102.676614,104.5003913,28828000
09-02-2021,103.2757492,104.426247,103.0075308,103.2463867,21892000
10-02-2021,103.8276062,104.4446589,102.1237542,103.661401,25102000
11-02-2021,103.940567,104.201815,102.9507998,104.0525348,20480000
12-02-2021,104.253067,104.475499,103.185167,103.4936971,18990000
16-02-2021,105.0328445,106.746651,104.0898508,104.0898508,31004000
17-02-2021,105.4269638,105.6170569,103.9206689,104.2008236,20294000
18-02-2021,104.7894974,105.5946537,104.168466,104.7491932,22546000
19-02-2021,103.9435501,105.42497,103.6758329,104.8880397,37938000
22-02-2021,102.2242661,103.5215686,101.9127594,102.1914259,29466000
23-02-2021,102.5158768,103.1319347,99.03800498,100.2203558,34658000
24-02-2021,103.6947403,103.9191693,100.8941345,101.0190332,22608000
25-02-2021,100.3178864,103.6544354,99.8471374,102.3073753,41548000
26-02-2021,100.6144638,102.336729,99.57443796,101.0145514,40042000
01-03-2021,102.9906158,103.3175516,101.2369986,101.9127687,26060000
02-03-2021,102.7328415,104.2386429,102.3442042,102.7507536,25564000
03-03-2021,100.0919647,103.3055967,99.22560051,102.1093202,33892000
04-03-2021,101.2126083,103.235932,99.79438576,100.26414,49216000
05-03-2021,104.3545837,104.8089088,100.9065682,102.5671319,53100000
08-03-2021,99.89738464,105.184105,99.78243283,103.7071727,36868000
09-03-2021,101.5325775,102.7049738,101.295711,101.9998488,33920000
10-03-2021,101.3250732,102.5795736,100.4860821,102.5795736,27100000
11-03-2021,104.5272598,105.0612061,102.333251,102.4213309,27702000
12-03-2021,102.0122833,103.3862154,101.137468,103.3265033,33818000
15-03-2021,102.2332306,102.2605961,100.9070742,101.7624816,26168000
16-03-2021,103.6987228,105.1811298,102.4745721,102.8079772,31900000
17-03-2021,103.6156158,104.4506206,101.7196815,102.9313871,26382000
18-03-2021,100.5861053,102.9453247,100.4786175,101.9217151,31700000
19-03-2021,100.8657761,101.3673758,99.66999298,101.0036211,46072000
22-03-2021,101.051384,101.9296846,100.2208515,100.8991121,33536000
23-03-2021,101.5808411,102.7144214,100.9175161,101.5121691,28510000
24-03-2021,101.1429443,102.8880951,100.9672781,102.0998638,25218000
25-03-2021,101.1394577,101.7953186,99.32960619,100.9697673,35616000
26-03-2021,100.7547913,101.4842975,99.71575259,101.1061084,27978000
29-03-2021,101.8027878,101.9729794,99.79538669,100.6269139,26492000
30-03-2021,101.8366318,102.6427752,101.3230881,102.1605835,27312000
31-03-2021,102.6353149,103.8166711,101.8630063,102.2312485,42570000
01-04-2021,105.9822998,106.2793795,104.073928,104.1147332,39880000
05-04-2021,110.4200821,110.9191988,106.7501281,106.8466666,48510000
06-04-2021,109.9373856,110.8699311,109.5656657,110.0199908,35240000
07-04-2021,111.418808,111.6910051,110.1284759,110.1284759,24134000
08-04-2021,111.9860992,113.0490183,111.6168624,112.6613681,28664000
09-04-2021,112.9932785,113.1574943,111.3307255,111.7377835,26146000
12-04-2021,111.6969833,112.3075591,110.8609763,112.1697217,25024000
13-04-2021,112.1851501,112.6350029,111.6188573,112.0139715,25682000
14-04-2021,111.5621262,112.8320557,111.2690328,112.8320557,21002000
15-04-2021,113.718811,114.2537596,112.0229243,112.559361,29174000
16-04-2021,113.5944061,114.1661736,113.0057213,113.9173631,26282000
19-04-2021,113.9432373,114.6563274,112.9688993,112.9688993,30290000
20-04-2021,113.4083023,114.403043,112.3190125,114.3279017,22288000
21-04-2021,113.3754578,113.4575619,111.7069289,113.0619542,23204000
22-04-2021,112.0900955,113.8994458,111.4829975,113.2286493,24146000
23-04-2021,114.4493179,114.7573469,112.5245222,112.8106527,29066000
26-04-2021,114.9469452,115.6734751,114.3194444,114.6777321,32038000
27-04-2021,114.003952,115.3709136,113.7640938,115.3301083,44386000
28-04-2021,117.3907623,120.9905486,117.1011466,119.0557984,81106000
29-04-2021,119.0687332,119.6360207,118.1277289,118.8930746,41234000
30-04-2021,117.1150818,118.5258328,116.7697328,117.8376253,44856000
03-05-2021,116.5965576,118.5109053,116.2193632,117.6828634,28242000
04-05-2021,114.7926865,115.6963632,112.2971178,115.1270863,44818000
05-05-2021,115.1877975,116.1944822,114.8648405,115.8775009,26636000
06-05-2021,116.3114243,116.3114243,114.1064661,114.7678017,25190000
07-05-2021,117.0369492,117.9983561,116.749824,117.6321109,28898000
10-05-2021,114.0422668,115.9954303,113.6834781,115.8531054,30914000
11-05-2021,112.9629288,113.4714989,111.1645276,111.619855,34186000
12-05-2021,109.4890366,111.8641862,109.1591167,110.7798699,46376000
13-05-2021,110.9216919,111.4392143,109.8109971,110.7763829,33204000
14-05-2021,113.3769455,113.6924385,111.9646987,112.3896689,31996000
17-05-2021,113.9014435,113.9442382,112.2388903,112.6399727,21598000
18-05-2021,112.5852356,114.8349854,112.5713023,114.5697511,22204000
19-05-2021,113.034584,113.2082533,110.7425484,110.891335,23684000
20-05-2021,114.7986603,115.0499537,113.6327333,114.0049543,32352000
21-05-2021,114.1606979,115.3928138,113.9203462,115.3191608,40632000
24-05-2021,117.4902878,117.7147092,115.047962,115.1937646,31832000
25-05-2021,117.5813446,118.6328132,117.1897157,118.0356697,22440000
26-05-2021,118.4492111,118.8811442,117.7600013,117.7629854,21572000
27-05-2021,117.571907,118.8841302,117.2524353,118.8841302,35224000
28-05-2021,117.2817764,118.2382023,117.0827311,118.1560982,21482000
01-06-2021,118.492485,118.7179088,117.1538837,118.1570906,23354000
02-06-2021,117.9655075,119.11252,117.058338,118.8890856,21158000
03-06-2021,116.820488,117.2902422,115.9217847,116.7284293,18696000
04-06-2021,119.1090393,119.3807429,117.558454,117.8998242,24458000
07-06-2021,119.5434647,119.653443,118.4835373,118.9035264,24120000
08-06-2021,119.351387,120.4003728,119.1692591,120.0266635,24240000
09-06-2021,119.8241348,120.0699536,119.2747594,119.997804,17942000
10-06-2021,121.1771545,121.2204504,119.6171158,119.7733665,25904000
11-06-2021,120.931839,121.5050947,120.372509,121.4195054,21958000
14-06-2021,121.8628922,121.8633857,120.3247441,121.034349,22098000
15-06-2021,120.8417587,122.1913018,120.4799859,121.8673501,21562000
16-06-2021,120.1978455,121.3060497,118.9015451,120.9935408,26472000
17-06-2021,121.1642151,121.9395078,119.9266322,120.1231946,25842000
18-06-2021,119.5394897,121.0243873,119.4439459,120.7895102,46116000
21-06-2021,121.2328873,121.4194951,119.3279931,119.9271336,27414000
22-06-2021,121.7484283,121.8176014,120.4879598,121.1706927,22390000
23-06-2021,121.5458984,122.5097884,121.2547945,121.5125572,19148000
24-06-2021,121.9171143,122.4699673,121.7180689,122.1161596,21362000
25-06-2021,121.9255829,122.0494946,120.9865755,121.4195033,34594000
28-06-2021,121.9529572,122.2007729,120.8278355,122.0947733,28526000
29-06-2021,121.6907043,122.4356475,121.111974,122.0868132,23108000
30-06-2021,121.5085678,121.6752741,120.7770645,121.4140186,24474000
01-07-2021,121.8618927,122.0037089,120.9532349,121.1458109,18110000
02-07-2021,124.661499,124.8073016,122.4739595,122.5640288,25982000
06-07-2021,125.5895691,125.8264356,123.9897121,125.0506418,26404000
07-07-2021,125.8722076,126.6783511,125.5527359,126.5569375,24060000
08-07-2021,124.4490128,124.997887,123.4318801,123.4358589,23790000
09-07-2021,124.921257,125.1362251,123.9588554,124.4301054,18632000
12-07-2021,126.3713303,126.4648848,125.0133208,125.5776243,17668000
13-07-2021,126.7355804,127.4481694,126.0717544,126.4340208,19240000
14-07-2021,127.6268234,128.7111474,127.3058558,127.3491516,23742000
15-07-2021,126.4006805,128.0876151,125.9279422,128.0368628,24218000
16-07-2021,126.3658447,127.20334,125.553232,127.055548,20424000
19-07-2021,123.9852371,125.6044945,122.917337,125.4895426,27968000
20-07-2021,125.6089706,126.4385008,123.758815,124.9302089,26312000
21-07-2021,126.9421005,126.988874,125.4238541,125.5333313,20746000
22-07-2021,127.8104248,127.8716403,126.8923213,127.2356809,14302000
23-07-2021,132.3820801,132.7642556,129.1828827,129.8098746,41506000
26-07-2021,133.3972473,133.598282,131.6719903,132.6941117,30572000
27-07-2021,131.2723846,133.759502,129.4849404,133.61171,54710000
28-07-2021,135.4464417,137.6389624,134.6338288,135.6634067,95130000
29-07-2021,135.1314392,136.0107345,134.8980579,135.5021643,31716000
30-07-2021,134.0854492,134.6607019,133.6161961,134.3924835,25576000
02-08-2021,134.2128296,134.6925307,133.1573747,134.4740775,21634000
03-08-2021,134.9846497,135.0861541,132.6851424,134.4919946,20762000
04-08-2021,134.4825592,135.004068,133.8470933,134.7054924,19676000
05-08-2021,135.6031952,135.7012372,134.2043804,135.0349129,17870000
06-08-2021,135.0926208,135.8231371,134.5666474,135.3946892,20488000
09-08-2021,136.2615356,136.5312575,134.6955211,135.2956639,17760000
10-08-2021,136.1560516,137.1169575,135.7156523,136.6884945,19414000
11-08-2021,135.6305847,137.027395,135.6231131,136.5287869,15352000
12-08-2021,136.5411987,136.6466972,134.78112,135.3284908,16506000
13-08-2021,137.0721588,137.200558,136.3809748,136.5969375,15948000
16-08-2021,137.6513977,137.7041545,134.655224,136.8706303,22384000
17-08-2021,136.0112305,137.6076021,135.4344896,137.0945521,21716000
18-08-2021,134.8045197,136.4521449,134.6776239,135.8505137,19258000
19-08-2021,135.0344086,135.7037093,133.61122,133.7958385,21782000
20-08-2021,136.7755737,136.8994778,134.6064401,135.3528713,31194000
23-08-2021,139.3751678,140.2041969,136.9527434,137.3130205,28454000
24-08-2021,140.5893555,141.4039576,139.6707432,139.9424392,19268000
25-08-2021,141.4029541,141.5129325,140.7033114,140.9511195,15848000
26-08-2021,140.7675018,141.7398429,140.6843878,141.0755232,20610000
27-08-2021,143.3187866,143.8248662,140.8237119,140.9784743,28780000
30-08-2021,143.9024963,145.2759348,143.477025,143.7128968,24434000
31-08-2021,144.0089874,144.480731,143.5944805,144.4563572,22448000
01-09-2021,144.5245361,145.5580927,144.1941151,144.3100616,21936000
02-09-2021,142.6052094,144.8270848,142.5036897,144.5250316,32342000
03-09-2021,143.0555573,143.4690771,141.722924,142.3996963,19850000
07-09-2021,143.5939941,143.8771406,142.9356426,143.1501171,20124000
08-09-2021,143.0072784,143.7129045,142.3195721,143.4143441,18344000
09-09-2021,142.8579865,143.6238257,142.4962212,143.1560608,15314000
10-09-2021,140.2056732,144.0298881,140.0683294,143.5262839,36840000
13-09-2021,141.6552429,142.2697974,140.5778895,141.2740545,22094000
14-09-2021,141.8662415,142.6808588,141.0755272,142.3150995,19674000
15-09-2021,143.7422638,143.76316,140.6749282,142.0921483,27408000
16-09-2021,142.9266663,143.6133855,141.7239205,143.2655459,26190000
17-09-2021,140.1300507,142.7674354,139.801619,142.3499368,53384000
20-09-2021,138.0594482,138.3386159,135.6733644,137.5041046,46518000
21-09-2021,138.3714447,139.3452891,137.6200324,139.0845271,25332000
22-09-2021,139.6160126,140.2166414,137.8922589,138.6411809,25056000
23-09-2021,140.5440826,141.0222956,139.7334592,140.3166695,20952000
24-09-2021,141.5382996,141.653259,139.5736933,139.8697784,22984000
27-09-2021,140.4007416,141.2631194,139.40102,140.1345126,21882000
28-09-2021,135.1837006,138.4346528,134.7159357,137.9952557,45772000
29-09-2021,133.7142181,136.4984077,133.2280476,136.3282161,30848000
30-09-2021,133.0399323,134.8975518,132.9205081,133.6226565,37996000
01-10-2021,135.8933105,136.2590698,133.4350619,133.8077765,35360000
04-10-2021,133.0235291,135.3135755,130.4264483,135.3135755,51202000
05-10-2021,135.3757782,136.5715688,133.4032142,133.4032142,32404000
06-10-2021,136.9104309,137.0945482,133.9097777,134.108823,24364000
07-10-2021,138.5625458,139.3756597,137.9912719,138.2311225,25110000
08-10-2021,139.1203766,139.6632675,138.5550709,138.9128574,26526000
11-10-2021,138.253006,140.0424547,138.1982598,138.6292133,17954000
12-10-2021,135.7997589,138.8432071,135.1140267,138.8163276,36332000
13-10-2021,136.9273682,137.3433785,135.8694225,136.7487179,19654000
14-10-2021,140.4793854,140.6649909,138.1644488,138.8103628,31894000
15-10-2021,140.695343,141.0436837,140.0852684,140.9406758,30274000
18-10-2021,142.0986481,142.1165678,140.3982812,140.4052516,20396000
19-10-2021,142.5554504,142.9789324,141.921488,142.7052318,20164000
20-10-2021,141.0944366,142.8629894,140.7038024,142.6559713,23288000
21-10-2021,141.2108765,141.479596,139.8314698,141.0944288,26292000
22-10-2021,136.9119263,139.9140679,135.4086155,138.4878877,50588000
25-10-2021,136.7929993,137.3433618,134.779615,136.895506,34412000
26-10-2021,138.6456451,139.4164503,137.6464246,138.6008611,49236000
27-10-2021,145.5217743,147.9426952,138.7416892,138.7416892,85782000
28-10-2021,145.1549988,146.4577758,143.9388134,146.4343891,36206000
29-10-2021,147.3415833,147.5366498,143.9612446,144.3877031,43320000
01-11-2021,142.814209,147.3415752,142.5440012,147.3415752,46924000
02-11-2021,144.7404938,145.9113941,143.6487134,143.8915557,33482000
03-11-2021,145.9004669,145.9711282,143.9030128,145.206276,27494000
04-11-2021,147.5620117,149.0210396,145.6118323,146.424445,38412000
05-11-2021,148.1437225,149.6121961,147.4918404,148.4597014,38354000
08-11-2021,148.3218842,149.8983468,147.7242319,149.1120973,23052000
09-11-2021,148.2098999,149.1215416,146.5443553,148.5229023,19530000
10-11-2021,145.1993103,147.3654678,143.8497747,146.7981726,29970000
11-11-2021,145.0729218,146.833517,144.9077112,145.7924888,16518000
12-11-2021,147.9705353,148.1417291,144.7190824,145.9178493,22360000
15-11-2021,147.7456207,148.8379022,146.8727948,148.1919882,23508000
16-11-2021,147.1723938,148.0546656,146.611568,147.444591,18904000
17-11-2021,147.3425751,147.8526335,146.5394232,147.3231671,19594000
18-11-2021,149.1255646,149.8640385,147.180867,147.536163,35608000
19-11-2021,148.2178802,150.2481821,148.1905147,149.2618849,33682000
22-11-2021,145.6058655,149.1165772,145.4521054,148.621948,30594000
23-11-2021,145.0883331,145.9621614,143.4292729,145.45757,27218000
24-11-2021,145.4247284,145.5536135,143.6860469,144.7813049,18040000
26-11-2021,141.5064697,143.869668,141.16759,143.6616628,30470000
29-11-2021,144.838028,145.6013767,143.2088086,143.3148082,32596000
30-11-2021,141.2223358,145.3053088,140.927739,144.3185257,42068000
01-12-2021,140.3803406,145.256032,140.2415085,143.3148125,34020000
02-12-2021,142.2857513,143.1799747,139.5473328,140.5779129,29194000
03-12-2021,141.3258209,143.7129069,139.6334118,142.9973339,41230000
06-12-2021,142.4738312,143.1680068,139.4831249,142.3598741,30618000
07-12-2021,146.5687561,146.8290169,144.536465,144.9037125,32240000
08-12-2021,147.4813843,147.6869141,145.7093692,146.8941953,24270000
09-12-2021,146.9359894,148.3905371,146.4149818,146.8887148,23270000
10-12-2021,147.2972717,148.2686256,146.0059449,147.9924497,24458000
13-12-2021,145.1326294,147.2659238,144.825094,147.0783137,27070000
14-12-2021,143.2222748,143.7925464,140.5430822,143.2829892,38446000
15-12-2021,145.7442017,146.0228682,141.0038644,142.7266308,36370000
16-12-2021,143.7577057,146.9743218,142.9236804,146.4702316,33650000
17-12-2021,141.0506592,143.150119,140.6276784,141.8219655,50416000
20-12-2021,140.933197,141.099911,138.6580788,139.3338488,27192000
21-12-2021,142.7898407,143.1844537,139.8339712,141.3775862,28756000
22-12-2021,145.7183228,145.802925,142.3867623,142.3867623,26322000
23-12-2021,146.2174377,147.5381194,145.7551399,145.8029157,26384000
27-12-2021,147.202713,147.6381313,146.4692204,146.5553108,15976000
28-12-2021,145.9890289,147.5933582,145.3595464,147.5306545,18200000
29-12-2021,145.9571991,146.715582,144.9545008,145.946751,17788000
30-12-2021,145.5048523,146.5991232,145.2998388,145.9960039,15688000
31-12-2021,144.1627808,146.0004915,144.1627808,145.3550786,18136000
03-01-2022,144.3016052,145.1570127,143.0291852,144.3647949,28646000
04-01-2022,143.7124329,145.7880048,143.032684,144.7041819,28400000
05-01-2022,137.1194458,143.8119525,137.0328694,143.7328324,54618000
06-01-2022,137.0920715,139.2741441,135.9087336,136.3466424,37348000
07-01-2022,136.365036,137.7897278,135.1204827,137.4881606,29760000
10-01-2022,138.0097046,138.159,132.5309077,134.4353012,44408000
11-01-2022,139.071106,139.548833,136.0420998,137.3503441,28730000
12-01-2022,140.7575378,141.9294405,140.0250474,140.4783702,26108000
13-01-2022,137.927597,142.1703138,137.750435,140.8665342,31436000
14-01-2022,138.8168182,140.0723208,136.3466335,136.4267406,29662000
18-01-2022,135.3509064,136.4790122,134.7940745,135.5270661,34872000
19-01-2022,134.473587,137.3030617,134.3730697,135.8738899,28648000
20-01-2022,132.6731873,136.9711507,132.331817,135.601691,29908000
21-01-2022,129.7312622,134.223776,129.4675237,131.9625987,55652000
24-01-2022,130.1816101,130.5787137,123.9076049,125.3785691,76622000
25-01-2022,126.3310242,128.7833046,125.8985975,128.1274436,46960000
26-01-2022,128.6180878,132.367162,126.5370337,130.4951154,49130000
27-01-2022,128.3911743,132.0213103,128.3190096,130.6792312,31950000
28-01-2022,132.7164917,132.7219739,127.8736476,129.0420575,34362000
31-01-2022,134.6596985,134.8284018,131.5804261,133.5236352,39986000
01-02-2022,136.9890442,137.1373373,133.7291326,136.9397802,68644000
02-02-2022,147.2957764,150.8253947,144.8300717,150.530312,123200000
03-02-2022,142.4091339,148.9628073,141.9866543,145.0121976,71518000
04-02-2022,142.6111755,144.1856487,139.8463941,142.7619592,57998000
07-02-2022,138.5386658,143.5636379,138.2390879,143.5636379,54974000
08-02-2022,138.7357178,139.333856,136.3620715,138.3649926,54284000
09-02-2022,140.9182739,141.8463472,139.5199604,140.2927702,40144000
10-02-2022,137.9604034,140.8112753,137.3005638,139.0387592,39330000
11-02-2022,133.6435547,138.494356,132.7652465,137.9405159,39958000
14-02-2022,134.8811493,135.6514686,132.6224472,132.6224472,34302000
15-02-2022,135.9584961,137.4513588,135.1752382,136.9159091,26680000
16-02-2022,137.0826111,137.4289472,134.2819903,135.9962978,25022000
17-02-2022,131.9083557,136.4610828,131.8481425,135.5947262,38950000
18-02-2022,129.7825165,133.4320756,129.5770018,132.8319327,45620000
22-02-2022,129.1958313,131.5515579,127.6133853,129.2202051,44990000
23-02-2022,126.9809036,131.4226651,126.9206904,131.0220839,32786000
24-02-2022,132.0596313,132.3671668,124.358952,124.358952,54456000
25-02-2022,133.8197174,134.6278502,131.1245948,132.9165343,36406000
28-02-2022,134.4143829,135.105567,131.9616014,132.4169288,38864000
01-03-2022,133.4236145,135.6071755,132.5846385,134.2367285,26496000
02-03-2022,133.9311981,134.6189046,132.4383353,133.9874326,23520000
03-03-2022,133.2623901,135.7902977,132.3925406,135.362837,24604000
04-03-2022,131.2788544,133.2146069,129.7173198,132.2950075,30430000
07-03-2022,125.7771606,131.1081718,125.6940543,130.862353,45112000
08-03-2022,126.4997101,130.6254851,125.076514,125.6492762,40428000
09-03-2022,132.7851563,133.099161,129.2824021,130.6254834,37026000
10-03-2022,131.7993774,132.6378674,130.2895973,130.6414157,27102000
11-03-2022,129.2525482,133.1588753,129.014687,132.8533293,31526000
14-03-2022,125.3516922,129.7884802,124.6789139,129.6302401,38812000
15-03-2022,128.583252,129.2366376,125.1222976,126.3718245,30920000
16-03-2022,132.6463165,132.698557,128.1219424,130.1109376,35576000
17-03-2022,133.2021637,133.4425154,131.5560269,132.5154445,28264000
18-03-2022,135.4777832,135.5957191,131.629179,132.7896313,44566000
21-03-2022,135.4539032,136.3978916,133.4544598,135.5156047,26832000
22-03-2022,139.2024841,140.3788668,135.4539109,135.4539109,35496000
23-03-2022,137.6175537,138.9243097,137.1791589,138.0425239,25154000
24-03-2022,140.8983765,140.9451499,137.0950573,138.5376537,26396000
25-03-2022,140.9988861,141.3591631,139.0725946,141.2407261,24126000
28-03-2022,140.7824402,141.3268346,139.1462502,140.2300731,35050000
29-03-2022,141.8274078,143.1092887,141.3626347,141.9687456,34318000
30-03-2022,141.2631378,142.0414146,140.9262475,141.7821561,19884000
31-03-2022,138.4058075,141.4318373,138.3630128,141.3770911,37524000
01-04-2022,139.4836426,139.8026132,137.6494095,138.8362403,25942000
04-04-2022,142.291214,143.0281996,139.64288,139.6906557,25942000
05-04-2022,139.9220581,142.3101315,139.7145541,142.189219,21418000
06-04-2022,135.8982697,138.697387,134.8721696,138.0897878,32468000
07-04-2022,135.2419128,136.5118423,133.5888056,135.3628252,26234000
08-04-2022,132.6532898,135.0244453,132.3328158,134.9383549,25142000
11-04-2022,128.2105408,131.4639836,128.0562795,131.1962663,36884000
12-04-2022,127.1068039,130.9738214,126.1857087,130.9738214,32710000
13-04-2022,129.2759247,129.7138335,127.1331694,127.3909397,27928000
14-04-2022,126.1269913,129.8586543,125.9985997,129.8586543,31598000
18-04-2022,127.0689926,127.6024377,125.5816045,126.3957131,20808000
19-04-2022,129.3903961,129.7128444,126.3952097,127.0839183,26490000
20-04-2022,127.4307556,130.7737816,126.8933317,130.2691903,31696000
21-04-2022,124.2206039,129.4794581,123.9339723,128.6349999,36446000
22-04-2022,119.0662537,124.8053181,118.3591393,124.4052305,56884000
25-04-2022,122.4883881,122.6909186,117.9471038,118.5342928,46128000
26-04-2022,118.085434,121.9270677,117.9470954,121.7125932,73054000
27-04-2022,113.7506638,116.6841334,112.2000784,113.9248265,91820000
28-04-2022,117.9585419,119.0801783,113.5720126,115.8610717,48884000
29-04-2022,113.5665359,117.3589057,113.2729415,116.1790456,42676000
02-05-2022,116.0282745,116.1899998,112.0642248,112.8653947,35534000
03-05-2022,116.7756958,117.8784254,115.4823796,115.8764915,24968000
04-05-2022,121.6792603,122.2699345,114.5682533,116.4746434,49916000
05-05-2022,115.9511414,120.4630706,114.4582787,119.6320446,45840000
06-05-2022,115.195755,117.0120759,113.4729962,114.6364326,39710000
09-05-2022,111.9756393,114.5294314,111.4675704,112.7111214,40802000
10-05-2022,113.8506775,115.6968543,112.3632895,114.957887,39900000
11-05-2022,113.0619583,115.8108172,112.6977025,112.6977025,37534000
12-05-2022,112.3070679,113.7511601,109.3019345,110.8475464,53836000
13-05-2022,115.4983139,117.3141337,113.0644543,113.9880326,35038000
16-05-2022,113.9004517,115.6172423,113.3475986,114.4085207,25990000
17-05-2022,115.9188004,116.3437706,114.3234309,116.284552,23054000
18-05-2022,111.3670578,114.8509052,111.0246929,114.452807,35126000
19-05-2022,109.8587723,112.4722767,109.4765968,110.9012887,34144000
20-05-2022,108.3897934,111.649713,105.2931025,111.4183135,48962000
23-05-2022,110.9575195,111.6138816,108.2235886,109.066065,37184000
24-05-2022,105.4657822,105.9519603,101.3997189,105.2687262,76780000
25-05-2022,105.3015594,105.9932522,103.3623292,104.485955,40258000
26-05-2022,107.2796097,108.1325266,104.7243214,105.1741742,37948000
27-05-2022,111.7820816,111.7835774,108.6192015,108.9620676,37914000
31-05-2022,113.2206955,115.1843071,111.5452038,112.2100246,50012000
01-06-2022,113.3500824,116.5443143,112.7111388,114.3085053,36606000
02-06-2022,117.0628204,117.3385028,112.4090751,113.4575596,37992000
03-06-2022,113.9959869,115.7680172,112.9783531,115.5102469,26136000
06-06-2022,116.2646484,118.7791238,115.6112704,116.1491955,33542000
07-06-2022,116.5920715,117.1309988,114.5045559,114.9310143,31590000
08-06-2022,116.6363678,118.0063211,116.0451924,116.205923,26108000
09-06-2022,114.2890854,117.7361061,114.2298669,115.7739828,25798000
10-06-2022,110.632576,112.7400009,109.8408594,111.9099696,41452000
13-06-2022,105.8862762,108.273856,105.614079,106.2783988,47252000
14-06-2022,106.2077255,107.4109725,105.2965848,106.0280881,33706000
15-06-2022,109.2422256,110.8933284,107.1571928,108.0285229,39698000
16-06-2022,105.5289688,108.1315239,104.6377296,106.7108184,51684000
17-06-2022,106.6336899,108.1822859,104.5461666,105.5289709,51376000
21-06-2022,111.0132446,111.9542489,108.0832527,108.4111831,47416000
22-06-2022,110.9570313,112.8071795,109.8572856,110.0304613,30774000
23-06-2022,111.7079315,112.2060536,109.9747246,111.6974834,28362000
24-06-2022,117.4136505,117.5171595,112.4150495,112.4573506,41164000
27-06-2022,115.282341,118.0152695,114.631446,117.7102322,36420000
28-06-2022,111.4745407,116.7513144,111.3157995,115.2514814,35792000
29-06-2022,111.1700058,112.6220633,110.3449479,111.0212191,24716000
30-06-2022,108.4445267,110.3603701,106.2420592,109.4765949,43170000
01-07-2022,108.2201004,108.7301588,106.2226465,107.4194241,35476000
05-07-2022,112.7240753,112.8375313,105.2284098,106.5908991,39342000
06-07-2022,114.0268478,115.0395082,110.9455784,112.762894,37432000
07-07-2022,118.2177963,118.6223639,114.2870956,114.5324209,40936000
08-07-2022,118.7855911,119.115511,116.3452548,116.6920997,38238000
11-07-2022,115.126091,117.4365476,114.7817367,117.4365476,31196000
12-07-2022,113.4779663,116.4174118,113.1490411,115.6620206,29960000
13-07-2022,110.8236618,113.6526355,110.6723846,111.1695044,43722000
14-07-2022,109.8423538,110.5644038,107.8573448,109.6861032,37004000
15-07-2022,111.2456284,112.6021494,110.3723089,111.4675744,46770000
18-07-2022,108.5112076,113.1390833,107.854352,112.1040309,43164600
19-07-2022,113.2684708,113.4774706,109.038693,110.3225558,36530900
20-07-2022,113.3580399,114.8509025,111.9447984,112.63151,35600400
21-07-2022,113.7959442,114.0049517,110.5813174,113.7362321,32676200
22-07-2022,107.3865967,111.8054653,105.9932566,110.4718449,48901200
25-07-2022,106.9984512,109.3472226,105.7942095,107.8941704,34690900
26-07-2022,104.5202866,106.6899139,103.5748099,106.0927704,47991000
27-07-2022,112.5220337,113.3679953,107.4960672,108.7401195,59858500
28-07-2022,113.6765213,113.7959455,110.9296518,111.8353255,32816600
29-07-2022,115.7665253,116.154669,112.5220349,112.541944,37223400
01-08-2022,114.3134689,116.1646192,113.795939,114.7513777,26034300
02-08-2022,114.5821838,115.79638,113.1788969,113.4575634,20236000
03-08-2022,117.518158,118.0555895,114.9305307,115.1594321,28499000
04-08-2022,117.6276245,118.2148135,116.3338072,116.9210038,21602900
05-08-2022,116.9110565,117.5480107,115.4480498,115.6769588,19159500
08-08-2022,116.7418594,119.5782969,116.3238521,117.8266693,19138300
09-08-2022,116.0750427,116.761762,115.1594221,116.5826181,19086500
10-08-2022,119.1304321,120.3446283,117.846577,118.2148116,30930400
11-08-2022,118.2745285,120.9119207,117.995862,120.7029209,24293700
12-08-2022,121.1010208,121.1010208,118.8915828,119.6877793,19096300
15-08-2022,121.4991226,121.718077,120.0361159,120.5536383,19494800
16-08-2022,121.1209259,121.8474558,120.065972,120.9417821,19041200
17-08-2022,118.981163,120.7128817,118.8119661,119.5484506,22847000
18-08-2022,119.5982132,120.2451219,118.1551155,118.8617363,17987700
19-08-2022,116.6522903,118.5830619,116.2044346,118.4934862,21809500
22-08-2022,113.6964264,115.079812,113.3082827,114.6518577,21456600
23-08-2022,113.3182297,114.4627592,112.8902754,112.9400405,15870400
24-08-2022,113.1490479,114.2338578,112.3329498,112.9599495,17734600
25-08-2022,116.0949554,116.1646221,113.5670404,113.6964191,16956800
26-08-2022,109.8149796,114.5722419,109.6656994,114.1741436,37245700
29-08-2022,108.8993607,110.4220795,108.2823156,109.4666482,21191200
30-08-2022,108.4216461,109.9742209,107.2870711,109.6457893,27513300
31-08-2022,107.7050705,110.3225537,107.6154948,110.1235084,28627000
01-09-2022,109.2178268,109.9244476,106.8491542,107.7647748,28360900
02-09-2022,107.3368225,110.2130706,106.7496335,110.0637828,24160700
06-09-2022,106.3017731,107.5159693,105.2766752,106.789447,25068300
07-09-2022,108.9292145,109.456699,106.3913524,106.5505871,23167000
08-09-2022,107.8643036,109.0784998,106.650115,107.525925,24238300
09-09-2022,110.1235046,110.4618832,108.5012557,108.5510208,23197700
12-09-2022,110.3325043,111.0888902,109.4069291,110.461883,22966800
13-09-2022,103.8236313,107.7846973,103.5947223,107.2870763,38172900
14-09-2022,104.5003891,104.7790556,103.1667687,104.0724348,26395100
15-09-2022,102.4203339,104.7690974,101.8629933,103.5349998,34188300
16-09-2022,102.3108597,102.6392837,100.4597093,101.5843298,42797200
19-09-2022,102.579567,102.8383319,101.0668028,101.2658481,23036800
20-09-2022,100.6587601,101.8829109,100.0417074,101.5942898,26517100
21-09-2022,98.8075943,102.3904629,98.79763976,101.1862213,31487300
22-09-2022,99.66352081,100.7582854,98.3199458,98.34980184,34298600
23-09-2022,98.27017212,99.18580034,97.00621839,99.1559367,31625400
26-09-2022,97.70288849,99.4047511,97.33465387,97.63322186,27072700
27-09-2022,97.03607941,99.52418401,96.40907978,98.95689646,30072800
28-09-2022,99.57394409,100.2208452,96.6479308,97.18536228,32466300
29-09-2022,96.95645142,98.17064759,95.50339934,98.17064759,31047200
30-09-2022,95.19488525,98.42942129,95.10530954,96.58822537,32941500
03-10-2022,98.17064667,98.81755533,96.0607314,96.29959489,27982000
04-10-2022,101.1563797,101.355425,99.90237286,99.96209253,28850800
05-10-2022,100.9473648,101.4449857,98.3298819,99.35497962,22176900
06-10-2022,100.9374237,102.440241,100.1113712,100.2009469,22324000
07-10-2022,98.21045685,100.0516526,97.83226771,99.37488788,27502800
10-10-2022,97.3943634,98.62846111,96.54840939,98.52893845,18225100
11-10-2022,96.71759796,98.77774817,95.85173487,96.96640841,26507100
12-10-2022,97.09578705,98.28012721,96.27968908,96.83702965,21876400
13-10-2022,98.58864594,99.30522121,93.93091421,94.69725462,34574500
14-10-2022,96.10054779,100.2109014,95.91145701,99.51422754,25410700
17-10-2022,99.49432373,100.4497549,98.35974869,98.38960473,28419200
18-10-2022,100.2905121,102.9776695,99.49432321,102.6392833,24060700
19-10-2022,99.15593719,100.5393227,98.44931643,99.53413394,23811100
20-10-2022,99.49432373,101.8331404,98.91708167,99.52417977,25323200
21-10-2022,100.6487885,100.8279323,97.25501827,97.38439695,32458700
24-10-2022,102.0321884,102.2610974,99.50428087,101.3156207,27176400
25-10-2022,103.9828644,104.3212429,102.2312367,102.4103805,40611400
26-10-2022,94.478302,97.84221647,94.2394461,95.97116466,88114100
27-10-2022,91.78120422,94.97592964,91.36320447,94.07025591,60710900
28-10-2022,95.83183289,96.09059788,91.69162339,91.83095664,43697300
31-10-2022,94.06030273,95.5730669,93.53282581,94.96596881,31675000
01-11-2022,90.03952789,95.57306993,89.94000523,94.99582786,47161400
02-11-2022,86.55617523,90.74614204,86.46659953,90.50728615,57038300
03-11-2022,83.03302002,86.1083134,82.94344431,85.90926809,61288000
04-11-2022,86.16803741,86.22774949,83.3116907,84.99365178,51124900
07-11-2022,88.06894684,88.47699963,86.43675086,86.86470514,34078900
08-11-2022,88.47699738,89.89023891,87.17322546,88.47699738,30429000
09-11-2022,86.90451813,89.01443359,86.86470754,88.02913869,31769100
10-11-2022,93.4930191,93.94087489,91.17410384,91.811058,51620100
11-11-2022,95.95126343,96.46878581,93.47310593,94.23944636,33090500
14-11-2022,95.24462891,96.32944632,94.06029643,94.63753085,30179500
15-11-2022,97.97160339,99.66351138,96.24983177,97.79245957,41640800
16-11-2022,98.37965393,99.16589589,97.17541222,97.43417722,29105200
17-11-2022,97.89198303,98.80760366,96.32945373,96.50859755,26052600
18-11-2022,96.96640778,98.42941442,95.91145391,98.30002813,28342300
21-11-2022,95.14511108,97.93179106,94.90625519,96.82707209,21647400
22-11-2022,96.58822632,96.75741561,93.60250071,95.49345419,23438500
23-11-2022,97.99150085,98.29007641,96.62801694,96.62801694,18868100
25-11-2022,96.9962616,98.17064718,96.93654952,97.77254896,9701400
28-11-2022,95.59297943,97.11569819,95.1550706,96.5782667,26237500
29-11-2022,94.73706818,95.66264334,93.66220522,95.27449965,20061700
30-11-2022,100.5094681,100.5592332,93.9707297,94.36882794,43647500
01-12-2022,100.5094681,101.7634749,99.77299127,100.5393241,28687100
02-12-2022,99.96209717,100.2905212,98.42942376,98.57871156,21480700
05-12-2022,99.00665283,100.8976061,98.52893345,98.92703167,24405100
06-12-2022,96.51855469,99.30522722,95.96121411,98.8275154,24910700
07-12-2022,94.48825836,96.41902228,94.26930395,95.95126501,31045400
08-12-2022,93.26409912,95.12520384,93.00533415,94.92615094,32213300
09-12-2022,92.38829803,93.81149411,92.30867687,93.32382016,28225400
12-12-2022,92.86601257,93.11482303,91.1741045,92.26886899,29420000
13-12-2022,95.17498016,99.05642509,94.57783654,97.29485027,40593700
14-12-2022,94.61763763,96.40907591,93.15463097,94.74701633,28733600
15-12-2022,90.42766571,93.19443655,89.58171174,92.68686113,40107000
16-12-2022,89.83052063,90.89542898,89.09403628,90.32814149,58011800
19-12-2022,88.01918793,90.1290957,87.79027897,89.83052771,29493000
20-12-2022,88.59641266,88.75565498,87.02393655,87.69074666,23453800
21-12-2022,89.15376282,89.79071697,87.89975602,88.65614191,24745600
22-12-2022,87.34241486,88.11870218,85.90926436,87.74051306,27658300
23-12-2022,88.80543518,89.12391227,86.6557091,86.69551969,23003000
27-12-2022,86.9741745,88.51680222,86.59598537,88.37746899,20097300
28-12-2022,85.61070251,87.62109535,85.53108894,86.56614139,19523200
29-12-2022,88.02913666,88.42723491,86.19789534,86.20784988,23333500
30-12-2022,87.81019592,87.87986255,86.15809073,86.56614355,23986300
03-01-2023,88.69594574,90.61676258,88.09879463,89.16370297,28131200
04-01-2023,87.6608963,90.21866733,86.85474531,89.92009176,34854800
05-01-2023,85.78984833,87.15333246,85.49128031,87.05380979,27194400
06-01-2023,86.92441559,87.27275629,84.45622016,86.37703715,41381500
09-01-2023,87.6011734,89.62152048,87.44193867,87.93955954,29003900
10-01-2023,87.99927521,88.24808565,85.42160268,85.57089046,30467800
11-01-2023,91.08453369,91.16415486,88.58648203,88.75567133,26862000
12-01-2023,90.69638062,91.432865,89.32294969,91.04472131,30258100
13-01-2023,91.68167877,91.7513454,89.70114209,90.41771741,26329200
17-01-2023,90.85562897,91.81106023,89.62153121,91.62196185,32602400
18-01-2023,90.68643188,92.35843834,90.2087125,91.70157514,29116700
19-01-2023,92.60725403,93.16458702,90.19876306,90.28833877,37000400
20-01-2023,97.55358887,97.83226292,94.56786374,94.6474849,63191100
23-01-2023,99.31518555,99.56399601,97.03608079,97.48393659,40005100
24-01-2023,97.23512268,99.1360382,96.73750177,97.63322093,33078500
25-01-2023,94.76692963,95.70245939,93.31387744,95.11526275,42330000
26-01-2023,97.05597687,97.10574199,94.92616003,96.04083357,30114000
27-01-2023,98.89717865,99.84265531,96.84697541,96.84697541,33879800
30-01-2023,96.47874451,97.82231945,95.94131301,97.016176,27226200
31-01-2023,98.36968994,98.40950052,96.35930497,96.40907009,29870700
01-02-2023,99.95213318,100.7085191,97.1156956,98.24031609,35531100
02-02-2023,107.227356,107.3368332,105.1074935,105.2965919,69883800
03-02-2023,104.2814331,107.2970145,102.0919042,102.4402373,65309300
06-02-2023,102.4103851,103.8634373,101.3952342,101.9127642,31999600
07-02-2023,107.1278305,107.665262,102.6293408,102.7288634,49010200
08-02-2023,98.89717865,102.6492368,97.57350526,101.5644269,94743500
09-02-2023,94.55792236,99.55403269,93.18448387,99.52417665,119455000
10-02-2023,94.12001801,96.28964546,93.80154093,94.99582807,54980700
13-02-2023,94.15982819,94.74701721,93.39348774,94.28920689,50076100
14-02-2023,94.22949219,94.39868147,91.8210089,93.98068174,54726100
15-02-2023,96.47874451,96.65788834,93.70201892,94.04039749,50169000
16-02-2023,95.05554962,97.21522258,94.28920916,94.91621637,42462600
17-02-2023,93.90105438,95.10529595,92.76647943,94.39867524,34284100
21-02-2023,91.3532486,92.65701297,91.28358197,92.5574903,33629300
22-02-2023,91.21391296,91.67172328,90.17886058,91.2636705,30884000
23-02-2023,90.45751953,91.50252638,89.33289912,91.48261729,41206400
24-02-2023,88.7059021,89.46228802,88.15852365,89.01443223,36585100
27-02-2023,89.44238281,89.73100384,88.91489828,89.44238281,27502300
28-02-2023,89.63147736,90.79591608,88.89500052,88.90495507,30142000
01-03-2023,89.93004608,90.59685624,89.24332684,89.55185695,31111200
02-03-2023,91.56224823,91.84091473,89.16371178,89.233386,32204400
03-03-2023,93.20439148,93.28401264,92.01009682,92.03996045,35160100
06-03-2023,94.67734528,95.5133523,93.55272483,93.57262632,32639300
07-03-2023,93.41339874,95.21478402,93.08496712,94.52807233,27835500
08-03-2023,93.80153656,95.50339907,93.55272612,93.67215786,34103300
09-03-2023,91.88072205,95.07544729,91.46272232,93.60249369,28813500
10-03-2023,90.19876099,92.3484869,89.96985963,91.73143426,35941000
13-03-2023,90.67648315,92.12953531,88.99452204,89.66133224,37335600
14-03-2023,93.5228653,93.91100896,92.00014668,92.11957083,36050200
15-03-2023,95.65268707,96.46878502,92.19919692,92.77643897,50622100
16-03-2023,99.84266663,100.7085298,95.04560099,95.74226728,65492000
17-03-2023,101.1364822,102.350671,99.62371033,99.78295268,61028500
20-03-2023,100.7383804,101.2658574,99.39480546,99.64361592,32960400
21-03-2023,104.4207687,104.5999126,100.7383771,100.7682331,42110300
22-03-2023,102.8781433,106.0828154,102.8383327,103.7738548,43427400
23-03-2023,105.0975342,105.794208,103.9629591,104.5601027,40797800
24-03-2023,104.9383011,104.9880586,103.3459081,104.4904377,30393300
27-03-2023,101.9724731,104.2615323,101.4449962,104.1221991,31120900
28-03-2023,100.5492783,101.9625198,99.26541542,101.9525728,32057900
29-03-2023,100.9075546,102.002319,100.1710779,101.7933191,28779600
30-03-2023,100.4099426,100.6786622,99.30522364,100.4298517,33086200
31-03-2023,103.2364349,103.3956697,100.5592321,100.8179971,36863400
03-04-2023,103.8634338,104.0326231,101.444996,101.9028063,25035400
04-04-2023,104.2217178,105.0776264,103.5449531,103.8335742,24420100
05-04-2023,103.9729156,105.5951571,103.1667722,105.27668,28290500
06-04-2023,107.9041138,108.6505451,103.8335785,104.7591536,48711500
10-04-2023,105.9335327,107.0780546,104.6198139,106.4709642,27067400
11-04-2023,104.8487244,106.2221629,104.1819142,106.0430191,26311800
12-04-2023,104.1420975,106.2420582,103.8435219,106.0728689,24370300
13-04-2023,106.9188309,106.978543,105.3363924,105.3363924,24843600
14-04-2023,108.3519745,108.4216411,106.3316273,106.3813924,26578000
17-04-2023,105.4657822,105.6548806,104.0226769,104.1620177,37571200
18-04-2023,104.0027618,106.0330559,103.5748076,105.9832908,26596400
19-04-2023,103.6842957,104.4804922,102.5795766,103.0871521,20905700
20-04-2023,104.7890167,105.744448,103.3757751,103.4155857,27820800
21-04-2023,104.9084473,105.4956363,104.28144,104.9681593,25800100
24-04-2023,105.4657822,106.1226379,104.2018207,104.9880627,23542800
25-04-2023,103.3558578,106.1823485,103.3459033,105.3264399,46664100
26-04-2023,103.2165222,105.8439599,102.1416593,104.4207638,53347600
27-04-2023,107.0780563,107.8543513,103.0473318,103.9529978,50089200
28-04-2023,106.8292465,106.8392011,104.5899526,106.5306785,36139800
01-05-2023,106.6899185,107.4761605,106.3117294,106.3316309,26681700
02-05-2023,104.8188629,106.6899147,103.2165231,106.6302026,30997200
03-05-2023,104.9084473,106.9785445,104.4605839,105.0278714,21795400
04-05-2023,104.1918716,105.0975378,103.4752963,104.9880606,23419500
05-05-2023,105.0676804,105.3762029,103.6146282,104.321249,26625100
08-05-2023,107.2572021,107.4463005,104.6596281,104.6795296,26511400
09-05-2023,106.8392105,109.6258907,106.6799758,107.8742629,36360100
10-05-2023,111.2182693,112.4026095,107.416446,107.4562566,63153400
11-05-2023,116.0153351,117.35891,113.8656168,114.850904,78900000
12-05-2023,116.9508667,117.4683891,115.5575267,116.1248142,41073800
15-05-2023,115.9556198,117.9162473,115.4579989,115.5575216,36266800
16-05-2023,118.9413528,120.1754506,115.8760062,115.9357183,45035600
17-05-2023,120.2650223,121.0910748,118.3243037,119.040879,33323600
18-05-2023,122.2455597,122.7232715,120.255076,120.3745001,35234200
19-05-2023,122.1758804,125.3706056,121.5687824,122.9621223,41330300
22-05-2023,124.4549866,125.8284175,122.1559729,122.3550258,35253000
23-05-2023,121.9768295,124.0369797,121.6284964,123.5692224,34046300
24-05-2023,120.3247375,121.3299339,119.2896851,120.543692,34182600
25-05-2023,122.8924637,124.723705,121.3796919,123.9275085,42317000
26-05-2023,124.0170746,124.6639832,121.8673488,122.583924,35635900
30-05-2023,123.0815506,125.0620872,121.4194986,125.0421781,35076700
31-05-2023,122.2853699,123.4697025,121.9171277,122.1659381,37325800
01-06-2023,123.1313171,123.8279834,122.0365527,122.235598,30772700
02-06-2023,124.0767899,125.549751,123.1711238,123.4000251,26963100
05-06-2023,125.4104156,126.8236571,123.2507353,123.4199321,32305500
06-06-2023,126.7042389,127.6795717,124.7635203,125.410429,26638300
07-06-2023,121.9171143,128.4259886,121.5389251,126.3658461,52539000
08-06-2023,121.5588379,122.6436554,120.6631187,121.6484136,29389200
09-06-2023,121.648407,123.1711257,121.3299299,121.6683085,23762500
12-06-2023,123.0516968,123.4597496,121.0811222,122.2057428,28306400
13-06-2023,123.240799,124.5644724,122.5938902,124.3853286,22278300
14-06-2023,123.0815506,123.4597473,120.8721126,122.5142631,30592300
15-06-2023,124.4947891,124.8630313,121.8175939,122.5540707,35246300
16-06-2023,122.9422226,125.5099484,122.6934121,125.3308045,45514000
20-06-2023,122.5142593,123.9772659,121.5588282,122.3450701,26097500
21-06-2023,119.9764023,122.0763631,119.5285389,121.8175981,30306300
22-06-2023,122.5640259,122.653594,118.2645817,119.4290128,26952200
23-06-2023,121.7578735,122.2057369,120.4839653,120.8024424,34885300
26-06-2023,117.7769165,121.4195053,117.7072499,120.1854075,33969900
27-06-2023,117.7669601,118.5133915,115.5475677,116.5229079,39535900
28-06-2023,119.6081543,119.8171542,116.2939974,116.5328533,27091400
29-06-2023,118.5332947,119.4887259,117.7371058,118.6726279,24090900
30-06-2023,119.1304321,120.5038706,119.1204852,119.598197,29519700
03-07-2023,119.3294907,119.6181117,118.2546277,118.6726274,14467900
05-07-2023,121.1706848,122.0265933,118.6626789,118.6726259,27584800
06-07-2023,119.5384979,119.7275963,117.8366353,119.2299754,24745200
07-07-2023,118.9114914,120.4740207,118.8318702,119.5285364,21692600
10-07-2023,115.8959122,117.7470626,115.5873896,117.7371157,35315200
11-07-2023,116.5826187,117.1499062,114.8011351,115.7366647,23078800
12-07-2023,118.3641052,119.7574452,117.8465828,118.2347265,30404400
13-07-2023,123.9474258,124.2360469,119.8768826,120.354602,44297900
14-07-2023,124.8232269,126.1767564,122.9024099,124.2061819,33266800
17-07-2023,124.0568924,126.4952318,123.609029,125.3407552,25716200
18-07-2023,123.1711273,124.086748,122.3749308,124.0071268,26226400
19-07-2023,121.4493561,124.5843693,121.2204547,124.0071272,37224000
20-07-2023,118.6328201,123.4995519,117.6574874,120.8422582,37906800
21-07-2023,119.4489136,120.4142993,118.1650584,120.0460647,72937900
24-07-2023,120.9517365,122.4147431,120.404358,121.0811227,29686100
25-07-2023,121.6284943,122.5640239,120.4441541,120.7825403,52509600
26-07-2023,128.6549072,130.3567621,127.7094306,129.4511037,61682100
27-07-2023,128.7842712,132.6060109,128.1771732,131.0434742,44952100
28-07-2023,131.9491577,133.1036418,129.9487272,130.1577195,36591200
31-07-2023,132.0884857,132.8946291,131.152956,132.0984327,28055500
01-08-2023,130.924057,131.9989199,130.0581863,130.1577166,23166800
02-08-2023,127.7691498,129.4710048,126.9530442,128.8340506,26273300
03-08-2023,127.8387985,128.7743282,126.8137007,127.3610867,20089500
04-08-2023,127.5004272,130.8842433,127.3013819,128.6648583,26130000
07-08-2023,130.9041595,130.9837807,128.406108,128.5454412,22746300
08-08-2023,130.774765,130.8842422,128.9236147,129.9984776,23535200
09-08-2023,129.0430603,131.4117255,128.386197,131.033544,24912900
10-08-2023,129.0729218,131.4216932,128.8340582,130.6951709,20857800
11-08-2023,128.943512,129.3117465,127.5601266,128.0478005,19569200
14-08-2023,130.7051086,130.7449116,128.3463904,128.7743371,24695600
15-08-2023,129.1624908,130.7946869,128.6648699,130.4762174,19770700
16-08-2023,128.087616,129.6600998,127.261571,128.087616,25216100
17-08-2023,129.3018188,131.3619768,128.6748116,129.1823947,33446300
18-08-2023,126.8535156,128.6349993,125.7786527,127.8985149,30491300
21-08-2023,127.7591782,128.1174658,125.957793,126.5748456,25248700
22-08-2023,128.4658051,129.6600921,127.7094268,127.89851,22067500
23-08-2023,131.7401581,132.7752181,129.2520535,129.560576,27819700
24-08-2023,129.1624908,133.6112233,128.9534986,133.3126477,28500700
25-08-2023,129.2620087,130.1378111,126.6445179,128.9236149,26762900
28-08-2023,130.3866119,131.9093306,129.5207565,130.6851875,20543300
29-08-2023,133.9297028,135.9201865,131.6107874,131.6107874,43075600
30-08-2023,135.2334595,135.6315501,133.4320743,134.1386874,28315800
31-08-2023,135.5220795,137.3433739,135.1438827,135.3628371,30053800
01-09-2023,135.0145111,136.8059495,134.2083677,136.8059495,21524600
05-09-2023,135.1239929,135.7708941,133.9396527,134.7955613,19403100
06-09-2023,133.8202209,135.8803636,133.0339714,135.3727957,18684500
07-09-2023,134.6164093,134.934894,132.317403,132.9543572,18844300
08-09-2023,135.7310791,136.0097456,134.2083604,134.2680725,23558300
11-09-2023,136.2685242,136.8258572,135.1438959,135.8903274,20763400
12-09-2023,134.6960297,136.2187485,134.5467495,135.6116504,18405500
13-09-2023,136.059494,136.2485772,133.5116626,134.4471922,20749500
14-09-2023,137.4429016,138.0400376,135.5917512,136.9452807,24751000
15-09-2023,136.7462311,137.8609123,135.8306104,137.3234732,38908400
18-09-2023,137.5523682,138.4978448,135.9599753,135.9599753,21861300
19-09-2023,137.3831787,137.7514285,135.9699371,136.7661336,20353700
20-09-2023,133.103653,137.422999,132.9842136,137.422999,29927500
21-09-2023,129.8193512,131.6008275,129.4511166,130.8145931,31488700
22-09-2023,129.6302338,131.4017628,128.9833327,130.1378016,26397300
25-09-2023,130.4861603,130.5458724,128.3463964,129.2122519,20094600
26-09-2023,127.9582443,129.7397204,126.6146618,129.1525314,25718700
27-09-2023,129.918869,130.2771567,127.9582565,127.9582565,22746500
28-09-2023,131.6804504,132.6657454,129.1724367,129.2222018,22513100
29-09-2023,130.2373352,133.4121588,129.7397143,132.6458184,30848100
02-10-2023,133.5315857,133.7803961,130.5458604,130.5856786,22288000
03-10-2023,131.7998657,133.6211601,131.2126767,133.3026906,22989400
04-10-2023,134.5965118,134.9249435,131.8993998,132.1581572,26752300
05-10-2023,134.4273071,134.8453068,132.8150052,134.4273071,19832600
06-10-2023,136.9253693,137.5026113,133.3723487,133.3723487,27583200
09-10-2023,137.7613525,138.2788825,134.9647258,136.2883991,19278100
10-10-2023,137.4030762,139.0551812,136.6765539,137.840985,27786600
11-10-2023,139.8812561,140.4385892,137.9206283,137.9206283,25884300
12-10-2023,138.3087463,140.5480403,137.602118,140.378851,24765500
13-10-2023,136.7064209,139.3338588,135.9699365,138.7168137,23420500
16-10-2023,138.4381256,138.9656025,137.3334067,137.5125429,28501900
17-10-2023,139.0551758,139.234312,136.5272533,137.9703659,23515800
18-10-2023,137.3035736,140.0504357,136.7263315,138.7864743,23375000
19-10-2023,137.0945435,138.9954587,136.7263089,137.8409747,26066000
20-10-2023,134.9547882,137.2139761,134.4372582,136.6765522,26315200
23-10-2023,135.8504944,137.0049784,133.312625,134.3974348,26317900
24-10-2023,138.1495056,138.6968916,136.7661202,137.1741729,44814300
25-10-2023,125.0123138,127.6994635,124.4748824,127.5501833,84366200
26-10-2023,121.6981583,123.7384069,120.692962,122.6834455,57061100
27-10-2023,121.5886841,122.7232591,119.6380111,122.2953048,44566500
30-10-2023,123.8677979,124.8033276,122.1659352,122.6237456,28940100
31-10-2023,123.4896011,124.7734639,122.1062157,124.4649338,26292300
01-11-2023,125.8483276,125.8881382,123.1313217,123.4796548,30082400
02-11-2023,126.8833771,128.3662853,126.3260441,127.8089523,27124600
03-11-2023,128.485733,128.9136798,127.2516276,127.41087,26380100
06-11-2023,129.6302338,129.7198019,128.05775,128.4359467,19052700
07-11-2023,130.346817,131.2823467,129.2620071,130.0880596,29757300
08-11-2023,131.212677,131.5809268,130.1577231,130.3468215,26425800
09-11-2023,129.6203003,131.9193065,129.451111,131.3321174,23747800
10-11-2023,131.9591064,132.1681139,128.7942448,129.4809641,26913300
13-11-2023,131.4615021,131.959123,130.6255025,131.1529795,18324800
14-11-2023,132.9842072,135.054312,132.6856468,133.5515023,32395200
15-11-2023,133.9794464,134.3874992,132.9344547,134.2282569,23861500
16-11-2023,136.2784576,136.5670863,133.680891,134.5467466,28013200
17-11-2023,134.6661682,135.4125996,133.0140631,135.3528875,37240600
20-11-2023,135.6016998,136.0097526,132.9842089,133.0538832,27815500
21-11-2023,136.3182831,136.5272754,135.3130942,135.6415107,22635300
22-11-2023,137.8310394,138.756607,136.8158886,136.8158886,17813900
24-11-2023,136.0396118,137.4727625,135.3429456,137.3732323,12514300
27-11-2023,135.7609406,137.7613711,135.3528878,135.3827438,23436500
28-11-2023,136.5471802,136.5969453,134.7756509,135.4325142,18730000
29-11-2023,134.3476868,137.6319723,134.1983914,136.9154123,23967200
30-11-2023,131.8993835,134.9050178,130.6553314,134.4073969,38988300
01-12-2023,131.2325897,131.4814002,130.0482495,131.2325897,31431200
04-12-2023,128.6549072,129.4112855,127.2914233,129.2620053,36669900
05-12-2023,130.3667297,131.5112517,127.6397617,128.3364279,27384800
06-12-2023,129.4013519,131.2126842,129.2620187,130.8145936,23576200
07-12-2023,136.2784576,137.9007067,134.0590726,134.3974512,56767100
08-12-2023,134.3476868,135.7509661,133.392248,133.5614373,32233900
11-12-2023,132.655777,132.7055421,130.7349675,131.7501185,31138000
12-12-2023,131.8894348,132.3671466,130.6354205,131.1828065,29032800
13-12-2023,131.939209,132.8647765,130.9439672,132.7453524,30104800
14-12-2023,131.3122101,133.0837393,129.072916,132.7453608,38722400
15-12-2023,131.9690552,132.8747136,130.5557986,130.9937074,50815200
18-12-2023,135.1538391,136.4974064,131.7998639,131.9989244,32258000
19-12-2023,135.9997864,136.8158919,135.4325064,136.1888847,25476800
20-12-2023,137.6817322,141.0257449,137.4130279,138.3087393,49107200
21-12-2023,139.7518616,140.0205811,138.5177562,138.8262939,27488300
22-12-2023,140.8167572,141.3143781,140.0404699,140.1001819,26514600
26-12-2023,140.8466339,142.0011029,140.5182023,140.9162929,16780300
27-12-2023,139.7020721,141.4039421,139.2243604,140.9162682,19628600
28-12-2023,139.5627594,140.4684331,139.0850476,140.1101455,16045700
29-12-2023,139.0253296,139.6921398,138.1196559,138.9656175,18727200
